customerid,firstname,lastname,country
100,Victoria,Larson,Tuvalu
101,Mary,Chavez,New Zealand
102,Ronald,Brandt,Maldives
103,Richard,Joseph,Falkland Islands (Malvinas)
104,Cheryl,Downs,Guyana
105,Andrew,Esparza,Macedonia
106,Christine,Soto,Poland
107,Brandon,Pearson,Puerto Rico
108,Eddie,Mueller,Ecuador
109,Chris,Snyder,Georgia
110,Matthew,Alvarado,Tonga
111,Kayla,Abbott,Heard Island and McDonald Islands
112,Ryan,Reynolds,Lithuania
113,Mr.,Hoffman,Ireland
114,Deborah,Mitchell,San Marino
115,Kristen,Martinez,Nauru
116,James,Miller,Ecuador
117,Megan,Saunders,Monaco
118,Andrew,Brown,France
119,Colton,Figueroa,Lesotho
120,Kelli,Lopez,Panama
121,Riley,Collins,Qatar
122,Tracy,Fleming,Bulgaria
123,Brian,Wallace,El Salvador
124,Brian,Adams,Saint Lucia
125,Maria,Sims,Congo
126,Caroline,Bailey,Cameroon
127,Robert,Mclaughlin,New Zealand
128,Mark,Rowland,Brazil
129,Janet,Shelton,Niger
130,Sheryl,Acosta,Uruguay
131,Jeffery,Gomez,Fiji
132,Brian,Mendoza,Seychelles
133,Paul,Wolfe,Montserrat
134,Angela,Meyers,Albania
135,Nicolas,Davis,Lebanon
136,James,Pacheco,Bolivia
137,Heather,Woodard,Northern Mariana Islands
138,Miguel,Boyd,Venezuela
139,Katherine,Smith,Ecuador
140,John,Brown,Armenia
141,Juan,Parker,Tajikistan
142,Johnny,Cruz,Saint Pierre and Miquelon
143,Jessica,Robinson,Saint Pierre and Miquelon
144,Samantha,Cortez,Wallis and Futuna
145,Daniel,Valdez,Wallis and Futuna
146,Kevin,Taylor,Uganda
147,David,Robinson,Burundi
148,Maria,Lucas,South Africa
149,Linda,Miller,Aruba
150,Richard,Stevens,Togo
151,Matthew,Garcia,Switzerland
152,Sylvia,Palmer,Isle of Man
153,Debbie,Ewing,Timor-Leste
154,Joshua,Henry,Afghanistan
155,Robert,Jarvis,Turkey
156,Catherine,Ramos,Afghanistan
157,David,Oliver,Trinidad and Tobago
158,Jose,Bryant,Kyrgyz Republic
159,Susan,Cox,Hungary
160,Kimberly,Guzman,Equatorial Guinea
161,Terry,Williams,Algeria
162,Richard,Williamson,Palau
163,Robert,Clay,Sudan
164,Jennifer,Stewart,Uganda
165,Sherry,Zamora,Yemen
166,Charles,Perry,Mexico
167,Ashley,Jackson,Argentina
168,Justin,Arnold,Kuwait
169,Todd,White,Botswana
170,Patricia,Taylor,Mauritania
171,Heidi,Castillo,Eritrea
172,Caitlin,Daniels,Guernsey
173,Mrs.,White,Norway
174,Rebecca,Ortiz,Norfolk Island
175,Krista,Barber,Mozambique
176,Thomas,Rios,Spain
177,Tom,Foster,Gabon
178,Diana,Daniels,Christmas Island
179,Stephanie,Davis,Uganda
180,Erica,Rivera,Macedonia
181,Tony,Le,New Zealand
182,Lisa,Sanchez,Panama
183,David,Duran,Puerto Rico
184,Mr.,Walters,Falkland Islands (Malvinas)
185,Alexis,Yang,Solomon Islands
186,Edward,Brown,Haiti
187,Kathy,Walsh,Namibia
188,Stacey,Parker,Finland
189,David,Ortega,New Caledonia
190,Jerry,Peters,Anguilla
191,Jason,Thompson,New Caledonia
192,Brandon,George,Hungary
193,Eric,Ward,Bulgaria
194,Laura,Vargas,Mongolia
195,Nathan,Hess,Mozambique
196,John,Anderson,Pitcairn Islands
197,George,Ward,Venezuela
198,Casey,Blanchard,Botswana
199,Christopher,Garza,Luxembourg
200,Teresa,Rhodes,Saint Kitts and Nevis
201,Jason,Gonzalez,Latvia
202,Amy,Cervantes,Niue
203,Tami,York,Qatar
204,Brenda,Oconnell,Palau
205,Shelly,Phelps,Philippines
206,Jill,Powers,Saint Vincent and the Grenadines
207,Zachary,Levy,Oman
208,Stephanie,Jackson,Guadeloupe
209,Mary,Edwards,Georgia
210,Kyle,Andrade,Hungary
211,Mr.,DVM,Ireland
212,Brittany,Miller,Lesotho
213,Matthew,King,Monaco
214,Sean,Banks,Madagascar
215,Kathleen,Ward,Saint Helena
216,Susan,Stevenson,Heard Island and McDonald Islands
217,Nicholas,Wong,American Samoa
218,Mark,Jones,Vietnam
219,Joshua,Ritter,Saudi Arabia
220,Madison,Miller,Saint Lucia
221,Nancy,Goodwin,Sao Tome and Principe
222,Thomas,Wilson,Andorra
223,Barbara,Walker,Slovenia
224,Greg,Rodriguez,Saint Vincent and the Grenadines
225,Jill,Conway,Niger
226,David,Wallace,Italy
227,William,Porter,Guyana
228,Jaime,Harris,Guyana
229,Jennifer,Rivera,Peru
230,Scott,Thomas,Brunei Darussalam
231,Ernest,Bennett,Antigua and Barbuda
232,Larry,Bennett,Oman
233,Michelle,Cruz,Saint Pierre and Miquelon
234,Joseph,Bryan,Nicaragua
235,Emily,Collier,Sri Lanka
236,Dana,Burns,Trinidad and Tobago
237,Matthew,Johnson,Sierra Leone
238,Lisa,Davis,Namibia
239,Brandi,Thomas,Egypt
240,Aaron,Miles,Thailand
241,Keith,Ramirez,Lao People's Democratic Republic
242,Elizabeth,Wright,Mongolia
243,Kathleen,Daniel,Sri Lanka
244,Karina,Cooper,Australia
245,Christopher,Lang,Angola
246,Melissa,Olsen,Spain
247,Phillip,Salazar,Mongolia
248,Elizabeth,Baxter,Palau
249,Jesse,Zhang,Reunion
250,Scott,Murphy,Cote d'Ivoire
251,Rachel,Sellers,Palau
252,Kelly,Carroll,Turkey
253,Rebecca,Atkinson,Cambodia
254,Patrick,Allen,United Kingdom
255,Carolyn,Howard,Ethiopia
256,James,Middleton,France
257,Antonio,Norman,Congo
258,Regina,Andrews,Georgia
259,Michael,Barnes,Seychelles
260,Jessica,Garrett,Benin
261,Melissa,Phillips,Antigua and Barbuda
262,Sylvia,Schroeder,Haiti
263,Jessica,Hughes,Guatemala
264,Kaylee,Murphy,Central African Republic
265,Jacob,Valentine,Saint Barthelemy
266,Clifford,Harrison,Lao People's Democratic Republic
267,Kevin,Chang,Botswana
268,Cynthia,Brown,Panama
269,Tammy,Fields,Comoros
270,Jill,Washington,Korea
271,Rebecca,Martinez,Micronesia
272,Nicole,Gutierrez,Panama
273,Brandon,Moore,Nicaragua
274,Sandra,Pope,Portugal
275,Jerry,Edwards,Guinea-Bissau
276,Gary,Mccann,Mexico
277,Jenna,Simpson,Philippines
278,Aaron,Rubio,United States of America
279,Scott,Gordon,Jersey
280,Shannon,Burgess,Kyrgyz Republic
281,Andrew,Stewart,Eritrea
282,Diane,Curry,Bulgaria
283,James,Holland,British Indian Ocean Territory (Chagos Archipelago)
284,Timothy,Williams,Tanzania
285,Tiffany,Townsend,Bangladesh
286,Samantha,Marsh,Israel
287,Larry,Garcia,Gabon
288,Amanda,Huff,Vietnam
289,Amanda,Sharp,Tokelau
290,Mrs.,Moss,Armenia
291,Shannon,Turner,Liechtenstein
292,Ashley,Fernandez,New Zealand
293,Randy,Ross,Cote d'Ivoire
294,Brent,Hernandez,Mali
295,Kristin,Reese,Montserrat
296,Kathy,Sandoval,Kenya
297,Crystal,Roberts,British Indian Ocean Territory (Chagos Archipelago)
298,Lisa,Miller,Italy
299,John,Figueroa,Moldova
300,Sara,Schwartz,Cape Verde
301,Amber,Butler,Germany
302,Ruben,Lee,South Georgia and the South Sandwich Islands
303,Katherine,Taylor,Antigua and Barbuda
304,Alyssa,Thomas,Fiji
305,Jay,Mcneil,Swaziland
306,Chad,Smith,Tajikistan
307,Matthew,DDS,Egypt
308,Judith,House,Egypt
309,Stephanie,Hall,Denmark
310,David,Baker,Syrian Arab Republic
311,Wanda,Martinez,Luxembourg
312,Charles,Hernandez,French Southern Territories
313,Tara,Holmes,Slovenia
314,Ryan,PhD,France
315,Chad,Green,Mayotte
316,Brittany,Murphy,Brazil
317,Reginald,Knapp,Bahamas
318,Brittney,Murphy,Serbia
319,Catherine,Jackson,Faroe Islands
320,William,Fox,Venezuela
321,Cory,Hogan,United States Minor Outlying Islands
322,Caroline,Duran,Serbia
323,Blake,Vazquez,Andorra
324,Caitlin,Gonzales,Sudan
325,Jennifer,Washington,Holy See (Vatican City State)
326,Michelle,Fitzgerald,Bhutan
327,Paul,Stokes,Bosnia and Herzegovina
328,Jennifer,Juarez,Lao People's Democratic Republic
329,Misty,Mcguire,Sweden
330,Vickie,Price,Dominica
331,John,Rivera,Sri Lanka
332,Darlene,Johnson,Azerbaijan
333,Crystal,Stewart,Martinique
334,Brandon,Brown,Mozambique
335,Alexis,Tran,Saint Helena
336,Mary,Rivera,Zambia
337,Michael,Osborn,Nauru
338,Nicole,Good,Saint Helena
339,Robin,Gray,French Polynesia
340,Jamie,Montoya,Kenya
341,Leah,Vincent,Macao
342,Heather,Parrish,Liberia
343,Bonnie,Gross,Chile
344,Mckenzie,Morgan,Reunion
345,Kristina,Young,Puerto Rico
346,Steven,Scott,Cocos (Keeling) Islands
347,Cheryl,Atkins,San Marino
348,Benjamin,Singleton,Ghana
349,Haley,Anderson,Myanmar
350,Lauren,Jackson,Nicaragua
351,Sean,Clay,Aruba
352,Carlos,Smith,United States of America
353,Michael,Martin,Iran
354,Scott,Burns,Lebanon
355,Chelsey,Fox,Nigeria
356,Gina,Mack,Singapore
357,Kelly,Haynes,San Marino
358,Laurie,Cohen,Tajikistan
359,Teresa,Haynes,Chad
360,Anthony,Smith,Philippines
361,Selena,Gonzalez,Lebanon
362,Brian,Lee,Sweden
363,Nicholas,Fitzpatrick,Switzerland
364,Oscar,Norris,Niue
365,Vanessa,Miller,Iran
366,Arthur,MD,Sudan
367,Jessica,Edwards,Kiribati
368,Michele,Sanders,Gibraltar
369,Andrew,Logan,Nauru
370,Ricardo,Morris,Bouvet Island (Bouvetoya)
371,Kristen,Rivera,Djibouti
372,Melanie,Flores,Equatorial Guinea
373,Heather,Maxwell,Belgium
374,Omar,Price,Estonia
375,Debra,Sanders,Kuwait
376,David,Trevino,Turkey
377,Stephanie,Craig,Saint Vincent and the Grenadines
378,Joyce,Madden,Australia
379,Angela,Osborn,Oman
380,Jacob,Roberts,Guinea
381,Angela,Jackson,Saint Martin
382,Caroline,Morales,Eritrea
383,Jerry,Wright,Oman
384,Dennis,Hood,Canada
385,John,Lynch,Falkland Islands (Malvinas)
386,Michael,Nielsen,Bangladesh
387,Audrey,Jackson,Gabon
388,Pamela,Butler,Luxembourg
389,Zachary,Morales,Samoa
390,Bailey,Yoder,Japan
391,Joshua,Richardson,Liberia
392,Deborah,Proctor,Luxembourg
393,Tony,Taylor,Botswana
394,Katherine,Flores,Marshall Islands
395,Deborah,Stephens,Palau
396,David,Lawrence,Holy See (Vatican City State)
397,Shaun,Cannon,Panama
398,Charles,Hernandez,Zambia
399,Janet,Cook,Zimbabwe
400,Jake,Chavez,Switzerland
401,Luis,Hill,Saint Vincent and the Grenadines
402,Pamela,Wheeler,Spain
403,Jesse,Martinez,Djibouti
404,Glenn,Long,Saint Lucia
405,Cynthia,Park,Ghana
406,Christopher,Glass,France
407,Sarah,Jordan,Haiti
408,Tyler,Oneill,Vanuatu
409,Ernest,Hayes,Guinea-Bissau
410,Tiffany,Robertson,Bhutan
411,Nicole,Mcknight,South Georgia and the South Sandwich Islands
412,Sharon,Barnes,Greece
413,Tyler,Miller,Equatorial Guinea
414,Casey,Gutierrez,San Marino
415,Amy,Black,Switzerland
416,Joshua,Lozano,Liberia
417,Seth,Hernandez,Ireland
418,Suzanne,Norton,Holy See (Vatican City State)
419,Jeffrey,MD,Bulgaria
420,Brittany,Henderson,United Kingdom
421,William,Lewis,Sierra Leone
422,James,Johnson,Bermuda
423,Elizabeth,Alvarado,Israel
424,Matthew,Espinoza,Kiribati
425,Patrick,DDS,French Southern Territories
426,Michelle,Hill,Guernsey
427,Emma,Cunningham,Qatar
428,Rodney,Evans,Saint Lucia
429,Brittany,Knight,Chile
430,Brandon,MD,Mozambique
431,Kaitlin,Jacobson,Norway
432,Justin,Graham,Argentina
433,Richard,Boyd,Bhutan
434,Craig,Chang,Uzbekistan
435,Sarah,Perez,Timor-Leste
436,Eric,White,Madagascar
437,Brian,York,Timor-Leste
438,Jenna,Decker,Korea
439,Alicia,Ray,United States Virgin Islands
440,Scott,Carroll,Pitcairn Islands
441,Wayne,Steele,Guinea-Bissau
442,Bryan,Cole,Australia
443,Alyssa,Cochran,Sudan
444,Blake,Watson,United Arab Emirates
445,Stephen,Davis,Northern Mariana Islands
446,Mikayla,Rios,United States of America
447,Rebecca,Duran,Grenada
448,Christopher,Fry,Pakistan
449,Katherine,Doyle,New Zealand
450,Scott,Lopez,Ethiopia
451,Andrea,Turner,Namibia
452,Donald,Riddle,Guinea-Bissau
453,Michael,Becker,Namibia
454,Adam,Davis,Montenegro
455,Shannon,Davis,Armenia
456,Amber,Alvarez,Holy See (Vatican City State)
457,Benjamin,Thompson,Barbados
458,Tyler,Yates,Argentina
459,Robert,Scott,Kyrgyz Republic
460,Kenneth,Williams,Belize
461,Logan,Sullivan,Central African Republic
462,Wendy,Edwards,Algeria
463,Yolanda,Garrett,Oman
464,Holly,Thomas,Iran
465,Michael,Reynolds,Solomon Islands
466,Jeffrey,Braun,Azerbaijan
467,Cynthia,Bates,Venezuela
468,Courtney,Nichols,Wallis and Futuna
469,Evan,Carter,Oman
470,Alexandra,Gibson,Saint Martin
471,Michael,Thompson,Malaysia
472,Angie,Grimes,Sudan
473,Robert,Perez,Venezuela
474,John,Dillon,Tokelau
475,Bethany,Garcia,Botswana
476,Scott,Estrada,Greenland
477,Brian,Smith,Saint Martin
478,Lori,Hernandez,Poland
479,Jeremy,Hoffman,Tuvalu
480,Krista,Shea,Serbia
481,Eric,Ferrell,Sudan
482,Douglas,Harper,Latvia
483,Jennifer,Gonzalez,Romania
484,Diane,Brown,Brunei Darussalam
485,Seth,Fisher,Eritrea
486,Patricia,Hawkins,Portugal
487,Eddie,Fowler,Congo
488,Erika,Alvarez,Faroe Islands
489,Michele,Simmons,Somalia
490,Ashley,Parrish,Tonga
491,Katelyn,Rodriguez,Belgium
492,Eric,Brown,Haiti
493,Matthew,Davis,Gambia
494,Sandra,Hunt,Turks and Caicos Islands
495,Jacob,Mckee,Indonesia
496,Sharon,Robinson,Norfolk Island
497,Justin,Brown,Macedonia
498,Wendy,Sanders,Mexico
499,Christopher,Smith,Senegal
500,Andrew,Richardson,Romania
501,Breanna,Ayala,Burkina Faso
502,Theresa,Lamb,Uganda
503,Zachary,Vasquez,Kazakhstan
504,Shawn,Duffy,Angola
505,Jessica,Simmons,Guam
506,Justin,Johnson,Cameroon
507,William,Ferguson,Anguilla
508,Amber,Martin,Saint Barthelemy
509,Nathan,Chen,Grenada
510,John,Shields,Poland
511,Tammy,King,Indonesia
512,Christopher,Barr,Guinea
513,Joshua,Allen,Togo
514,Michael,Stanley,Palau
515,Lindsey,Russo,Senegal
516,Matthew,Houston,Honduras
517,Olivia,Bridges,Latvia
518,Madison,Singh,Botswana
519,John,Carson,Mozambique
520,Megan,Salas,Israel
521,Paul,Finley,Saint Kitts and Nevis
522,Cassidy,Horne,Spain
523,Joseph,Cross,Gibraltar
524,Sabrina,Olson,Vietnam
525,Chad,Reyes,Norfolk Island
526,Justin,Henderson,Sudan
527,Abigail,Davis,Vanuatu
528,Emily,Morris,Armenia
529,Charles,Berg,Vanuatu
530,Kaylee,Case,Jordan
531,Hannah,Bruce,Suriname
532,Nancy,MD,Liechtenstein
533,Tabitha,Turner,French Southern Territories
534,Theresa,Torres,United Kingdom
535,Michelle,Shaw,Montenegro
536,Jeremy,Roy,Myanmar
537,Mrs.,Hubbard,French Guiana
538,Arthur,Johns,Anguilla
539,Patricia,Anderson,Moldova
540,Eric,Johnston,Egypt
541,Jose,Powers,Turkmenistan
542,Lee,Steele,Tuvalu
543,Debbie,Russell,Barbados
544,Priscilla,Floyd,Afghanistan
545,Patricia,Gould,Albania
546,Alexis,Nelson,Samoa
547,Mark,Jones,Cuba
548,Antonio,Fry,China
549,Amy,Meyer,Philippines
550,Shawn,Watson,Mali
551,David,Moore,Bahrain
552,Bernard,Norton,Iraq
553,Gene,Castro,Algeria
554,Angelica,Guerra,Guernsey
555,Stephanie,Dominguez,Cocos (Keeling) Islands
556,Rebecca,Swanson,Anguilla
557,Craig,Hall,Ecuador
558,Norman,Aguilar,Comoros
559,Sydney,Farmer,Guam
560,Taylor,Small,Bangladesh
561,Anthony,DDS,Uruguay
562,Stephen,Fox,Mauritius
563,Stacey,Snyder,Mauritius
564,Matthew,Carter,Tunisia
565,Christine,Poole,Jordan
566,Laura,Bradford,Macao
567,Jennifer,Houston,Cambodia
568,Rodney,Weber,Bhutan
569,Charles,Clark,Bahamas
570,Dennis,Martin,Greenland
571,Benjamin,Randall,Philippines
572,Robert,Clarke,Myanmar
573,Brett,Walker,Micronesia
574,Shawn,Austin,Estonia
575,Mike,Freeman,Peru
576,James,Wilson,Saint Helena
577,Christopher,Hill,Somalia
578,Stephanie,Vargas,Montenegro
579,Luis,Wu,Bosnia and Herzegovina
580,Steven,Simpson,Russian Federation
581,Jodi,Jones,Russian Federation
582,Rodney,Johnson,Cyprus
583,Kimberly,Henry,Mauritius
584,Eric,Carey,Jamaica
585,Carol,Lane,Norway
586,Robert,Gonzalez,Saudi Arabia
587,Kyle,Sanchez,Nicaragua
588,Angelica,Garcia,Myanmar
589,Susan,Bush,Saudi Arabia
590,Bonnie,Roberson,Panama
591,Anna,Boone,Armenia
592,Rebecca,Stein,Guam
593,Jennifer,Ramos,Saint Lucia
594,Michael,Montoya,Bulgaria
595,Amanda,Harvey,French Polynesia
596,Christopher,Roach,Niger
597,Kaitlin,Olson,Isle of Man
598,Joseph,Anderson,Northern Mariana Islands
599,Anna,Hardy,Ethiopia
600,Alexis,Morgan,Saint Helena
601,Kevin,Gordon,Malta
602,Krista,Davis,South Africa
603,Bradley,DDS,Bulgaria
604,Mark,Gray,Andorra
605,Debra,Barrett,Palau
606,Kristen,Cole,Colombia
607,Amy,Villarreal,Cayman Islands
608,Matthew,Miranda,Yemen
609,James,Jefferson,Turks and Caicos Islands
610,Madison,Elliott,Northern Mariana Islands
611,Patricia,Simpson,Montenegro
612,James,White,Chad
613,Philip,Robinson,Cayman Islands
614,John,Savage,Poland
615,John,Byrd,Mozambique
616,Adam,Craig,Bolivia
617,Jenny,Robertson,Angola
618,Thomas,Hamilton,Luxembourg
619,Maria,Reeves,Niue
620,Wesley,Cuevas,Saint Martin
621,Jared,Shaw,Georgia
622,Patricia,Collins,Korea
623,Brittney,Hernandez,Austria
624,Matthew,Henry,Guam
625,Angela,Chavez,Japan
626,Steven,Wright,American Samoa
627,Grace,White,Italy
628,Daniel,Medina,Maldives
629,Pamela,Key,Egypt
630,Hannah,Martin,Switzerland
631,Christine,Jennings,Italy
632,Christopher,Jr.,Cote d'Ivoire
633,Nicole,Patel,Romania
634,James,Cross,Germany
635,Vincent,Novak,Puerto Rico
636,Kevin,Holland,Ecuador
637,Michael,Taylor,Nauru
638,Stephanie,Ryan,Wallis and Futuna
639,Ethan,Villanueva,Falkland Islands (Malvinas)
640,Jessica,Valdez,Jordan
641,Gerald,Thomas,Saint Martin
642,David,Grant,French Southern Territories
643,Lisa,French,Japan
644,Kelly,Rowe,Tunisia
645,Keith,Morris,Anguilla
646,Andres,May,Liechtenstein
647,Misty,Mcconnell,Rwanda
648,Heather,Lambert,Finland
649,Vanessa,Taylor,Sri Lanka
650,Robert,Jensen,Portugal
651,Jason,Williams,Germany
652,Colin,Vaughan,Denmark
653,Sharon,Clay,Singapore
654,Phillip,Dixon,Sao Tome and Principe
655,Larry,Harding,Indonesia
656,Melissa,Armstrong,Timor-Leste
657,Maria,Johnson,Lithuania
658,Jason,Randall,Turkey
659,Christopher,Hill,Slovenia
660,Casey,Johnson,Netherlands Antilles
661,Brandi,Gordon,Sudan
662,Jeffrey,Clark,Finland
663,Juan,Brown,Burundi
664,Terri,Morgan,Liechtenstein
665,Andrew,Reeves,Korea
666,Richard,Turner,Serbia
667,Mary,Jackson,Jordan
668,Cynthia,DDS,Sierra Leone
669,Travis,Pratt,Martinique
670,Samantha,Jacobs,United Arab Emirates
671,Elizabeth,Foster,Uganda
672,Antonio,Little,Liberia
673,Annette,Lane,Cuba
674,James,Lucas,Hungary
675,Scott,Smith,Haiti
676,Jack,Smith,Sri Lanka
677,Michael,Valencia,Vietnam
678,Julie,Lang,Senegal
679,Brendan,Bonilla,Marshall Islands
680,Melissa,Wiley,Greece
681,Patricia,Banks,Nauru
682,Steven,Stewart,Zambia
683,Christopher,Morris,Guatemala
684,Richard,Jenkins,Cuba
685,Sarah,King,Falkland Islands (Malvinas)
686,Gail,Barron,United Arab Emirates
687,Jennifer,White,Saint Lucia
688,Jesus,Rich,Martinique
689,David,Thompson,Nauru
690,Gloria,Mckinney,Suriname
691,Angela,Thomas,Namibia
692,Leslie,Williams,Saint Barthelemy
693,Thomas,Chavez,British Indian Ocean Territory (Chagos Archipelago)
694,Timothy,Ramirez,Martinique
695,David,Harris,Uzbekistan
696,John,Garner,Poland
697,David,Garcia,Latvia
698,Tina,Reynolds,Faroe Islands
699,Bailey,Stewart,Antarctica (the territory South of 60 deg S)
700,Gregory,Fernandez,Gambia
701,Linda,Williams,Taiwan
702,Gina,Randall,French Guiana
703,Alicia,Li,Sri Lanka
704,Brittany,Miller,Uruguay
705,Maria,Cooke,Liechtenstein
706,Cheryl,Vega,Cape Verde
707,Allison,Black,Malawi
708,Ryan,Wiley,Senegal
709,Matthew,Carpenter,Cook Islands
710,William,Cardenas,Cameroon
711,Kimberly,Valdez,India
712,Colin,Fletcher,Maldives
713,James,Hall,Cape Verde
714,Jacob,James,Aruba
715,Danielle,Smith,Djibouti
716,Wayne,Wolfe,Nauru
717,Eric,Anderson,Somalia
718,Nicole,Pham,Egypt
719,Michael,King,Morocco
720,April,Castro,Tokelau
721,Richard,Stewart,Maldives
722,Aaron,Jennings,Saint Kitts and Nevis
723,James,Cole,Sweden
724,Jessica,Frazier,Belize
725,Christina,Weber,Guatemala
726,Joseph,Cole,Haiti
727,Keith,Melendez,Syrian Arab Republic
728,Gary,Young,Wallis and Futuna
729,Christopher,Jackson,Guadeloupe
730,Rebecca,Hill,Philippines
731,Mr.,Camacho,Bermuda
732,Michael,Clements,Austria
733,Rachel,Dillon,Isle of Man
734,Laurie,Silva,Seychelles
735,Scott,Miller,Montserrat
736,Zachary,White,Anguilla
737,Sherry,Luna,Cuba
738,Michael,Evans,Togo
739,Tammy,Morgan,Lesotho
740,Jon,Rivera,Guatemala
741,Tracy,Fitzgerald,Guinea-Bissau
742,Cathy,Rodriguez,French Polynesia
743,Sarah,Randolph,Oman
744,Matthew,Anderson,Thailand
745,Alyssa,Thompson,Guadeloupe
746,Scott,Solis,South Georgia and the South Sandwich Islands
747,Douglas,Ryan,French Guiana
748,Victoria,Thomas,Slovakia (Slovak Republic)
749,Michelle,Craig,Turkey
750,Thomas,Sanchez,Bhutan
751,Melissa,Jackson,Ethiopia
752,Andrew,Kelly,Haiti
753,Paula,Smith,Palau
754,Matthew,Schwartz,British Indian Ocean Territory (Chagos Archipelago)
755,Christopher,Nielsen,Nepal
756,John,Vazquez,Luxembourg
757,Travis,Vega,Saint Pierre and Miquelon
758,Susan,Russell,Iraq
759,Courtney,Roberts,Bulgaria
760,David,Perkins,Kyrgyz Republic
761,Joseph,Henderson,Macao
762,Mariah,Thompson,Guinea
763,Cheryl,Moore,Luxembourg
764,Michael,Fitzgerald,San Marino
765,Daniel,Rich,South Africa
766,Jeff,Graves,Vietnam
767,Andrew,Mack,Ukraine
768,Christopher,Mason,Dominican Republic
769,Matthew,Le,Tajikistan
770,Connie,Brooks,Philippines
771,Tara,King,Nepal
772,Raymond,Oconnor,Norfolk Island
773,David,Evans,Mongolia
774,Samuel,Ruiz,Morocco
775,Dr.,Reilly,Iceland
776,Edward,Gallegos,Grenada
777,Karen,Scott,Solomon Islands
778,Vincent,Reynolds,British Virgin Islands
779,Kristin,Mendoza,Zimbabwe
780,Nicole,Cole,Uruguay
781,Brittany,Cuevas,French Polynesia
782,Lindsey,Parsons,Kiribati
783,Antonio,Hughes,Martinique
784,Michael,Rodriguez,Jamaica
785,Mr.,Carr,New Caledonia
786,Stephanie,Khan,Gibraltar
787,Ann,Ortiz,China
788,Oscar,Howard,Romania
789,Elizabeth,Rodriguez,Falkland Islands (Malvinas)
790,Sara,Sampson,Russian Federation
791,Connie,Brock,Sudan
792,Lori,Vaughn,Guinea-Bissau
793,Walter,Patton,Montserrat
794,Raymond,Thompson,Algeria
795,James,Hunter,Mauritius
796,Melissa,Gilbert,Guyana
797,Austin,Walker,Argentina
798,Kevin,Saunders,Madagascar
799,Kimberly,Murphy,Serbia
800,William,Mitchell,Mali
801,Stephen,Gonzales,Malawi
802,Patrick,Lindsey,United States Virgin Islands
803,Cynthia,Chapman,Ireland
804,Maxwell,Barrett,American Samoa
805,Debbie,Andrews,Vanuatu
806,Jason,Morris,Palestinian Territory
807,David,Mcdaniel,Portugal
808,Kimberly,Williams,United Kingdom
809,Nicole,Taylor,Monaco
810,Sherry,Schmidt,Bermuda
811,Matthew,Wright,Philippines
812,Patrick,Williams,Vanuatu
813,Corey,Tucker,Palestinian Territory
814,Patty,Allen,Palestinian Territory
815,Scott,Alexander,Swaziland
816,Steve,Mason,Malta
817,Ashley,Daniels,Faroe Islands
818,Erika,Dennis,South Georgia and the South Sandwich Islands
819,Barbara,Hester,South Africa
820,Billy,Walton,Somalia
821,John,Martinez,Slovenia
822,Michael,Young,Romania
823,Kristi,Williams,Norway
824,Bernard,Smith,Antarctica (the territory South of 60 deg S)
825,Carol,Obrien,Brazil
826,Maria,Turner,Sri Lanka
827,Kurt,Flores,Sri Lanka
828,Sean,Huang,Suriname
829,Jason,Fleming,Guatemala
830,Pamela,Henderson,Northern Mariana Islands
831,Samantha,Williams,Palau
832,Valerie,Cardenas,Saint Martin
833,Alyssa,Rojas,Philippines
834,Christopher,Williams,Saint Pierre and Miquelon
835,Collin,Johnson,Namibia
836,Paula,Smith,Albania
837,Kenneth,MD,Brazil
838,Nicholas,Franklin,Croatia
839,Christopher,Porter,Slovenia
840,Justin,Hurley,Heard Island and McDonald Islands
841,Erica,Lee,Ghana
842,Donald,Douglas,Comoros
843,Douglas,Tyler,Macedonia
844,Andrew,Myers,Greenland
845,Kaitlyn,Valdez,Christmas Island
846,Brenda,MD,Kazakhstan
847,Ryan,Grant,Algeria
848,Kathy,Harrison,Chad
849,Chris,Moore,Svalbard & Jan Mayen Islands
850,Jeremy,Green,Barbados
851,Heather,Estrada,Madagascar
852,Juan,Greene,Slovakia (Slovak Republic)
853,Randy,Pearson,Saint Vincent and the Grenadines
854,Nathan,Wilson,Wallis and Futuna
855,Robert,Walker,Western Sahara
856,Andrea,Parks,Saint Barthelemy
857,Donna,Kim,Canada
858,Julian,Ponce,French Southern Territories
859,John,Simpson,Kiribati
860,Anna,Gray,Azerbaijan
861,Tanya,Walters,Austria
862,Erin,Watkins,Tajikistan
863,Michael,Melton,Saint Kitts and Nevis
864,Joseph,Moody,Serbia
865,Oscar,Parker,Dominica
866,Aaron,Jr.,Falkland Islands (Malvinas)
867,Linda,Cobb,San Marino
868,Joseph,Dean,Italy
869,David,Collins,Portugal
870,Sarah,Flynn,Japan
871,James,Butler,Mexico
872,Terry,Ward,Korea
873,Kevin,Alvarado,Chile
874,Mark,Yates,Austria
875,William,Woods,Eritrea
876,Travis,Jr.,United Kingdom
877,Kelsey,Fowler,New Caledonia
878,Derek,Floyd,El Salvador
879,Linda,Goodman,El Salvador
880,Joseph,Horton,French Southern Territories
881,Eric,Jackson,Micronesia
882,Jacob,Lee,Palau
883,Norma,DVM,New Zealand
884,Ann,Hahn,Burundi
885,Miranda,Foster,Cuba
886,Cynthia,Walter,Cyprus
887,Michael,Hester,Mauritania
888,John,Johnson,Cape Verde
889,Elizabeth,Mendez,Burkina Faso
890,Joseph,Smith,Chile
891,James,Miller,Romania
892,Eric,Martinez,Bouvet Island (Bouvetoya)
893,Michelle,Schneider,New Caledonia
894,Katherine,Smith,Thailand
895,Mrs.,Cole,Sri Lanka
896,Kimberly,Figueroa,Barbados
897,Tony,Graham,Mozambique
898,Shelley,Miller,Romania
899,Kevin,Davis,Sudan
900,Jesse,Barker,Israel
901,Michael,Jr.,South Africa
902,Sean,Taylor,Singapore
903,Matthew,Patel,Comoros
904,Patricia,Gray,Panama
905,Todd,Hayes,Eritrea
906,Karen,Keith,Belgium
907,Joseph,Bell,Burundi
908,Alexander,Williams,Croatia
909,Nathaniel,King,Romania
910,Thomas,Phillips,Cyprus
911,Sabrina,Davis,Argentina
912,Ryan,Liu,Netherlands
913,Michelle,Martin,Bermuda
914,Patricia,Morris,Barbados
915,Michelle,Hodges,Mozambique
916,Nicole,Acosta,Bahamas
917,Jenna,Morris,Korea
918,Anthony,Duncan,Benin
919,Brian,Barker,Turks and Caicos Islands
920,Alex,Stewart,Gibraltar
921,Christopher,Barber,Kazakhstan
922,Erin,Valencia,Libyan Arab Jamahiriya
923,Emily,Coleman,Fiji
924,Albert,Edwards,Portugal
925,Keith,Thomas,Sudan
926,Holly,Morales,Montenegro
927,Alexis,Chen,South Africa
928,Shannon,Jones,Malta
929,Jacob,Marshall,Uzbekistan
930,Kevin,Nixon,Saint Lucia
931,Daniel,Nguyen,Mali
932,Joel,Brown,Micronesia
933,Adam,Crawford,Malaysia
934,Karen,Smith,Bouvet Island (Bouvetoya)
935,Ethan,Delacruz,Colombia
936,Katelyn,Vargas,Micronesia
937,James,Gardner,Lebanon
938,Jennifer,Morris,Saint Helena
939,Douglas,Winters,Saint Kitts and Nevis
940,Bonnie,Carter,Israel
941,Michelle,Wilson,Cyprus
942,Catherine,Preston,Mali
943,John,King,Indonesia
944,Kimberly,Guerrero,Bhutan
945,Amanda,Dorsey,Taiwan
946,Katherine,Jackson,Burundi
947,William,Mendez,Rwanda
948,Jason,Brewer,Central African Republic
949,Michael,Gonzales,Puerto Rico
950,Jennifer,Ortiz,French Guiana
951,Ashley,Brown,Cameroon
952,Jennifer,Haney,Trinidad and Tobago
953,Jillian,Baker,Bangladesh
954,Victor,Edwards,Falkland Islands (Malvinas)
955,Jane,Deleon,Guernsey
956,Shannon,Christensen,Malaysia
957,Timothy,Roberson,Madagascar
958,Edward,Craig,New Caledonia
959,Monique,Duarte,Iran
960,Christina,Vargas,Romania
961,Katie,Holland,Ukraine
962,Joshua,Moore,Malawi
963,Ashley,Carr,Venezuela
964,Kimberly,Davidson,Argentina
965,Kelly,King,Congo
966,Erica,Hurst,Jamaica
967,Ashley,Gutierrez,Afghanistan
968,Dale,Ryan,Faroe Islands
969,Tammy,Mcdowell,Mongolia
970,Taylor,Robinson,Croatia
971,John,Blair,Qatar
972,Anne,Barnett,Saudi Arabia
973,Karen,Hoffman,Algeria
974,Caleb,Guzman,Cook Islands
975,Adam,Jordan,Djibouti
976,Laura,Davis,Bhutan
977,Cheryl,Rhodes,Egypt
978,Timothy,Monroe,Sierra Leone
979,Andrew,Walker,Slovakia (Slovak Republic)
980,Jenna,Thomas,Nigeria
981,Theresa,Lam,Cyprus
982,Andrew,Williams,Guyana
983,William,Ali,Samoa
984,Jimmy,Foley,Albania
985,Pamela,George,Gibraltar
986,Rachel,Hill,Slovakia (Slovak Republic)
987,George,Savage,Trinidad and Tobago
988,Kenneth,Martinez,Barbados
989,Eric,Baker,Cayman Islands
990,Gerald,Rowe,Ukraine
991,Timothy,Stark,Micronesia
992,Daniel,Bush,Guernsey
993,Amanda,Guzman,Northern Mariana Islands
994,Phillip,Miller,Cape Verde
995,Rebecca,Marquez,Cape Verde
996,Michael,Lopez,Kyrgyz Republic
997,Bruce,Hernandez,American Samoa
998,Dana,Powers,Maldives
999,Lisa,Stanley,Montenegro
1000,Brittany,Becker,Yemen
1001,Jessica,Fisher,Malta
1002,Mr.,Johnson,Namibia
1003,John,Wong,Guyana
1004,Lucas,Schultz,Lesotho
1005,Jonathan,Jacobs,Holy See (Vatican City State)
1006,Cassandra,Lane,Brunei Darussalam
1007,Deanna,Watson,Tunisia
1008,Cassandra,Hansen,Gambia
1009,Heidi,Baldwin,Oman
1010,Joshua,Terry,Central African Republic
1011,Yolanda,Ford,Belgium
1012,Hannah,Snow,Angola
1013,Dawn,Cruz,Guyana
1014,Tiffany,Whitehead,Timor-Leste
1015,Misty,DVM,Jordan
1016,Lisa,Moore,Aruba
1017,James,Reeves,Slovenia
1018,Samantha,Baker,Barbados
1019,Michael,Oliver,Venezuela
1020,Wayne,Ramirez,Honduras
1021,James,Jenkins,Indonesia
1022,Cody,Davidson,Antarctica (the territory South of 60 deg S)
1023,Casey,Barber,Israel
1024,Michael,Nixon,Bhutan
1025,Chelsea,Nguyen,Estonia
1026,Anita,Jimenez,Luxembourg
1027,Jessica,Reed,Swaziland
1028,Travis,Newman,Guam
1029,Katelyn,Phillips,Gibraltar
1030,Pam,Horton,Burkina Faso
1031,Javier,Taylor,Marshall Islands
1032,Samantha,Terry,Syrian Arab Republic
1033,Karen,Martinez,Faroe Islands
1034,Richard,Young,Malta
1035,Kimberly,Cisneros,Turkmenistan
1036,Alejandro,Martinez,Congo
1037,Kimberly,Young,Algeria
1038,Jennifer,Lawrence,Eritrea
1039,Danielle,Ramos,Liberia
1040,Jeremiah,Vasquez,India
1041,Wesley,Trevino,Pakistan
1042,Jesse,Castro,Lebanon
1043,Timothy,Martinez,San Marino
1044,Christopher,Green,Italy
1045,Billy,Martin,Syrian Arab Republic
1046,Rick,Jones,Iraq
1047,Justin,White,Cuba
1048,Samantha,Ellison,Montenegro
1049,Taylor,Hill,Botswana
1050,Michael,Pace,Myanmar
1051,Julie,Giles,New Zealand
1052,Derrick,Clayton,Montserrat
1053,Nicholas,Jacobs,Kenya
1054,Larry,Montgomery,Madagascar
1055,Danielle,Golden,Estonia
1056,Kayla,Williamson,Slovenia
1057,Jason,Fox,Guernsey
1058,Sarah,Marquez,Spain
1059,Anthony,Johnson,Guyana
1060,Marissa,Ward,Tanzania
1061,Maria,Collins,Zimbabwe
1062,Tony,Yu,Saint Kitts and Nevis
1063,Miss,Daugherty,Burundi
1064,Adrian,Patterson,Greece
1065,Robert,Silva,Nigeria
1066,Dale,Edwards,Tonga
1067,Michael,Rivera,Kiribati
1068,Ronald,Vance,Saint Martin
1069,Brianna,Adams,Mauritius
1070,Fernando,Greer,Costa Rica
1071,David,Middleton,New Caledonia
1072,Rodney,Lucas,Nepal
1073,Adam,Rodriguez,Austria
1074,Dustin,Nichols,Liechtenstein
1075,Steven,Rivera,Burundi
1076,Michael,Miller,Congo
1077,Tyrone,Matthews,Rwanda
1078,Jim,Harrington,Botswana
1079,Chad,Rodriguez,Korea
1080,Jessica,Knight,Maldives
1081,Jennifer,Patterson,Iran
1082,Brandon,Wright,Malawi
1083,Danny,Clark,Malawi
1084,Christopher,Medina,Saint Lucia
1085,Linda,Evans,Cook Islands
1086,James,Hodges,Botswana
1087,William,Coffey,Swaziland
1088,Michael,Roach,United States of America
1089,Kimberly,Robinson,Palestinian Territory
1090,Elizabeth,Hodge,Faroe Islands
1091,Donna,Cooper,Korea
1092,Christine,Miller,Tunisia
1093,Brandy,Jones,Saint Helena
1094,Ryan,Marsh,Qatar
1095,Michael,Matthews,Israel
1096,Brandon,Page,Eritrea
1097,Matthew,Avila,France
1098,Jacqueline,Cooper,Iran
1099,Heather,Brown,Norfolk Island
